P Number:,Left:,Owner:
A FM003939,1.6326530612244898,Warehouse
A FM003940,4.081632653061225,Warehouse
